playerLabel,teamLabel,collegeLabel,positionLabel,height,draftYear
Megan Gustafson,Las Vegas Aces,University of Iowa,center,75,2019
Awak Kuier,Dallas Wings,,power forward,195,2021
Aliyah Boston,Indiana Fever,University of South Carolina,,196,2023
Jackie Young,Las Vegas Aces,University of Notre Dame,shooting guard,183,2019
Sabrina Ionescu,New York Liberty,University of Oregon,point guard,180,2020
Megan Gustafson,Dallas Wings,University of Iowa,center,75,2019
Lou Lopez Sénéchal,Dallas Wings,University of Connecticut,,185,2023
Kate Martin,Las Vegas Aces,University of Iowa,,183,2024
Cameron Brink,Los Angeles Sparks,Stanford University,,193,2024
Rickea Jackson,Los Angeles Sparks,Mississippi State University,small forward,188,2024
Rhyne Howard,Atlanta Dream,University of Kentucky,,74,2022
Rickea Jackson,Los Angeles Sparks,University of Tennessee,small forward,188,2024
Arike Ogunbowale,Dallas Wings,University of Notre Dame,point guard,173,2019
Caitlin Clark,Indiana Fever,University of Iowa,,183,2024
Paige Bueckers,Dallas Wings,University of Connecticut,point guard,183,2025
Maddy Siegrist,Dallas Wings,Villanova University,,73,2023
Lou Lopez Sénéchal,Dallas Wings,Fairfield University,,185,2023
Aari McDonald,Atlanta Dream,University of Washington,,170,2021
Aari McDonald,Atlanta Dream,University of Arizona,,170,2021
Aari McDonald,Los Angeles Sparks,University of Washington,,170,2021
Lauren Cox,Los Angeles Sparks,,center,193,2020
Aari McDonald,Los Angeles Sparks,University of Arizona,,170,2021
Ruthy Hebard,Chicago Sky,University of Oregon,,193,2020
Lauren Cox,Indiana Fever,,center,193,2020
Megan Gustafson,Washington Mystics,University of Iowa,center,75,2019
Megan Gustafson,Phoenix Mercury,University of Iowa,center,75,2019
A'ja Wilson,Las Vegas Aces,University of South Carolina,center,1.93,2018
Evelyn Akhator,Dallas Wings,University of Kentucky,forward,1.91,2017
Sue Bird,Seattle Storm,University of Connecticut,point guard,175,
Roneeka Hodges,Atlanta Dream,,shooting guard,180,
Wendy Palmer,Connecticut Sun,University of Virginia,power forward,188,
Penny Taylor,Cleveland Rockers,,small forward,185,
Kristen Mann,Minnesota Lynx,,small forward,188,
Alison Bales,Atlanta Dream,Duke University,center,201,
Quanitra Hollingsworth,Washington Mystics,,center,196,
Noelle Quinn,Minnesota Lynx,"University of California, Los Angeles",shooting guard,183,
Roneeka Hodges,Minnesota Lynx,,shooting guard,180,
Tanisha Wright,New York Liberty,Pennsylvania State University,point guard,180,
Quanitra Hollingsworth,Minnesota Lynx,,center,196,
Tamika Whitmore,Los Angeles Sparks,,power forward,188,
Tamika Catchings,Indiana Fever,University of Tennessee,small forward,188,
Érika de Souza,Atlanta Dream,,center,196,
Linda Fröhlich,Charlotte Sting,,power forward,188,
Diana Taurasi,Phoenix Mercury,University of Connecticut,point guard,183,
Alison Bales,Indiana Fever,Duke University,center,201,
Muggsy Bogues,Charlotte Sting,Wake Forest University,center,160,
Noelle Quinn,Los Angeles Sparks,"University of California, Los Angeles",shooting guard,183,
Tanisha Wright,Seattle Storm,Pennsylvania State University,point guard,180,
Sheryl Swoopes,Seattle Storm,,small forward,182,
Alana Beard,Los Angeles Sparks,Duke University,shooting guard,180,
Danielle McCray,Connecticut Sun,University of Kansas,shooting guard,180,
Temeka Johnson,Los Angeles Sparks,,point guard,160,
Helen Luz,Washington Mystics,,shooting guard,175,
Candice Wiggins,Minnesota Lynx,Stanford University,point guard,180,
Tan White,Indiana Fever,,shooting guard,170,
Noelle Quinn,Washington Mystics,"University of California, Los Angeles",shooting guard,183,
Tamera Young,Atlanta Dream,James Madison University,small forward,188,
Wendy Palmer,Seattle Storm,University of Virginia,power forward,188,
Quanitra Hollingsworth,New York Liberty,,center,196,
Becky Hammon,New York Liberty,,point guard,168,
Alana Beard,Washington Mystics,Duke University,shooting guard,180,
Linda Fröhlich,Charlotte Sting,,center,188,
Teresa Edwards,Minnesota Lynx,University of Georgia,shooting guard,175,
Tina Charles,Connecticut Sun,University of Connecticut,center,193,
Diana Taurasi,Phoenix Mercury,University of Connecticut,small forward,183,
Janel McCarville,Minnesota Lynx,University of Minnesota,center,190,
Tamika Whitmore,Indiana Fever,,power forward,188,
Candice Wiggins,Los Angeles Sparks,Stanford University,point guard,180,
Tamera Young,Chicago Sky,James Madison University,small forward,188,
Sheryl Swoopes,Houston Comets,,small forward,182,
Tan White,Minnesota Lynx,,shooting guard,170,
Jessica Davenport,Indiana Fever,Ohio State University,center,196,
Dawn Staley,Houston Comets,University of Virginia,point guard,165,
Candace Parker,Los Angeles Sparks,University of Tennessee,power forward,193,
Nancy Lieberman,Phoenix Mercury,Old Dominion University,point guard,175,
Noelle Quinn,Phoenix Mercury,"University of California, Los Angeles",shooting guard,183,
Seimone Augustus,Minnesota Lynx,Louisiana State University,shooting guard,185,
Tan White,Connecticut Sun,,shooting guard,170,
Janel McCarville,Charlotte Sting,University of Minnesota,center,190,
Noelle Quinn,Seattle Storm,"University of California, Los Angeles",shooting guard,183,
Helen Luz,Washington Mystics,,point guard,175,
Tina Charles,New York Liberty,University of Connecticut,center,193,
Jessica Davenport,New York Liberty,Ohio State University,center,196,
Lisa Leslie,Los Angeles Sparks,University of Southern California,center,196,
Essence Carson,New York Liberty,Rutgers University,shooting guard,183,
Candace Parker,Los Angeles Sparks,University of Tennessee,center,193,
Lisa Leslie,Los Angeles Sparks,University of Phoenix,center,196,
Candice Wiggins,New York Liberty,Stanford University,point guard,180,
Zheng Haixia,Los Angeles Sparks,,center,203,
Tamika Whitmore,Connecticut Sun,,power forward,188,
Penny Taylor,Phoenix Mercury,,small forward,185,
Crystal Langhorne,Washington Mystics,,power forward,188,
Tamika Whitmore,New York Liberty,,power forward,188,
Kristen Mann,Atlanta Dream,,small forward,188,
Lauren Jackson,Seattle Storm,,center,196,
Dawn Staley,Charlotte Sting,University of Virginia,point guard,165,
Diana Taurasi,Phoenix Mercury,University of Connecticut,shooting guard,183,
Angel McCoughtry,Atlanta Dream,University of Louisville,small forward,185,
Marissa Coleman,Indiana Fever,University of Maryland,small forward,185,
Janell Burse,Seattle Storm,Tulane University of Louisiana,center,196,
Doneeka Lewis,Seattle Storm,Louisiana State University,shooting guard,175,
DeLisha Milton-Jones,New York Liberty,University of Florida,small forward,185,
Nikki Blue,New York Liberty,"University of California, Los Angeles",point guard,173,
Alexis Hornbuckle,Phoenix Mercury,University of Tennessee,point guard,178,
Swin Cash,Atlanta Dream,University of Connecticut,power forward,187,
Latasha Byears,Los Angeles Sparks,DePaul University,power forward,180,
Katie Smith,Minnesota Lynx,Ohio State University,shooting guard,180,
Swin Cash,Chicago Sky,University of Connecticut,power forward,187,
Tina Thompson,Seattle Storm,,power forward,188,
Alexis Hornbuckle,Minnesota Lynx,University of Tennessee,shooting guard,178,
Renee Montgomery,Minnesota Lynx,University of Connecticut,point guard,170,
Sylvia Fowles,Chicago Sky,Louisiana State University,center,196,
Ann Strother,Atlanta Dream,University of Connecticut,shooting guard,191,
Belinda Snell,Seattle Storm,,small forward,180,
Swin Cash,New York Liberty,University of Connecticut,power forward,187,
Helen Darling,Charlotte Sting,,point guard,168,
Renee Montgomery,Connecticut Sun,University of Connecticut,point guard,170,
Maria Stepanova,Phoenix Mercury,,center,202,
Tina Thompson,Houston Comets,,power forward,188,
Janell Burse,Minnesota Lynx,Tulane University of Louisiana,center,196,
Ann Strother,Indiana Fever,University of Connecticut,shooting guard,191,
Swin Cash,Seattle Storm,University of Connecticut,power forward,187,
Belinda Snell,Phoenix Mercury,,small forward,180,
Alexis Hornbuckle,Minnesota Lynx,University of Tennessee,point guard,178,
Angel McCoughtry,Atlanta Dream,University of Louisville,power forward,185,
Anna Cruz,Minnesota Lynx,,shooting guard,178,
Devereaux Peters,Minnesota Lynx,University of Notre Dame,small forward,188,
Doneeka Lewis,Los Angeles Sparks,Louisiana State University,shooting guard,175,
Suzy Batkovic,Seattle Storm,,center,193,
Anete Jēkabsone-Žogota,Connecticut Sun,,shooting guard,175,
DeLisha Milton-Jones,Atlanta Dream,University of Florida,small forward,185,
Ann Strother,Phoenix Mercury,University of Connecticut,shooting guard,191,
Helen Darling,Minnesota Lynx,,point guard,168,
Katie Smith,Minnesota Lynx,Ohio State University,small forward,180,
Alexis Hornbuckle,Phoenix Mercury,University of Tennessee,shooting guard,178,
Tina Thompson,Los Angeles Sparks,,power forward,188,
Doneeka Lewis,Indiana Fever,Louisiana State University,shooting guard,175,
DeLisha Milton-Jones,Los Angeles Sparks,University of Florida,small forward,185,
Abby Bishop,Seattle Storm,,small forward,191,
Anna Cruz,New York Liberty,,shooting guard,178,
Renee Montgomery,Seattle Storm,University of Connecticut,point guard,170,
Marissa Coleman,Los Angeles Sparks,University of Maryland,small forward,185,
DeLisha Milton-Jones,Washington Mystics,University of Florida,small forward,185,
Nikki Blue,Washington Mystics,"University of California, Los Angeles",point guard,173,
Marissa Coleman,Washington Mystics,University of Maryland,small forward,185,
Betty Lennox,Atlanta Dream,Louisiana Tech University,small forward,173,
Nicole Powell,Sacramento Monarchs,Stanford University,power forward,188,
Cappie Pondexter,Chicago Sky,Rutgers University,shooting guard,175,
Ticha Penicheiro,Sacramento Monarchs,Old Dominion University,point guard,180,
Rebecca Lobo,Connecticut Sun,University of Connecticut,center,193,
Shannon Johnson,Houston Comets,University of South Carolina,point guard,173,
Betty Lennox,Los Angeles Sparks,Louisiana Tech University,small forward,173,
Iziane Castro Marques,Atlanta Dream,,shooting guard,183,
Betty Lennox,Miami Sol,Louisiana Tech University,small forward,173,
Yolanda Griffith,Indiana Fever,,center,193,
Lynette Woodard,Cleveland Rockers,University of Kansas,shooting guard,180,
Iziane Castro Marques,Washington Mystics,,shooting guard,183,
Suzie McConnell-Serio,Cleveland Rockers,Pennsylvania State University,point guard,162,
Iziane Castro Marques,Seattle Storm,,shooting guard,183,
Shannon Johnson,Connecticut Sun,University of South Carolina,shooting guard,173,
Ruth Riley,Atlanta Dream,University of Notre Dame,center,196,
Anna DeForge,Minnesota Lynx,University of Nebraska–Lincoln,shooting guard,178,
Sancho Lyttle,Atlanta Dream,University of Houston,center,193,
Yolanda Griffith,Seattle Storm,,center,193,
Iziane Castro Marques,Connecticut Sun,,shooting guard,183,
Rebecca Lobo,New York Liberty,University of Connecticut,center,193,
Jennifer Gillom,Phoenix Mercury,University of Mississippi,power forward,191,
Armintie Price,Atlanta Dream,University of Mississippi,shooting guard,175,
Nicole Powell,Charlotte Sting,Stanford University,power forward,188,
Iziane Castro Marques,Miami Sol,,shooting guard,183,
Iziane Castro Marques,Phoenix Mercury,,shooting guard,183,
Ruth Riley,Miami Sol,University of Notre Dame,center,196,
Ruth Riley,Chicago Sky,University of Notre Dame,center,196,
Cappie Pondexter,Chicago Sky,Rutgers University,point guard,175,
Ticha Penicheiro,Los Angeles Sparks,Old Dominion University,point guard,180,
Anna DeForge,Charlotte Sting,University of Nebraska–Lincoln,shooting guard,178,
Armintie Price,Los Angeles Sparks,University of Mississippi,shooting guard,175,
Teresa Weatherspoon,Los Angeles Sparks,Louisiana Tech University,point guard,172,
Kara Lawson,Sacramento Monarchs,University of Tennessee,point guard,175,
Ticha Penicheiro,Chicago Sky,Old Dominion University,point guard,180,
Armintie Price,Chicago Sky,University of Mississippi,shooting guard,175,
Betty Lennox,Seattle Storm,Louisiana Tech University,small forward,173,
Armintie Price,Washington Mystics,University of Mississippi,shooting guard,175,
Shannon Johnson,Connecticut Sun,University of South Carolina,point guard,173,
Amber Holt,Connecticut Sun,,small forward,183,
Shannon Johnson,Seattle Storm,University of South Carolina,shooting guard,173,
Ruthie Bolton,Sacramento Monarchs,Auburn University,shooting guard,173,
Nicole Powell,New York Liberty,Stanford University,power forward,188,
Betty Lennox,Cleveland Rockers,Louisiana Tech University,small forward,173,
Teresa Weatherspoon,New York Liberty,Louisiana Tech University,point guard,172,
Rebecca Lobo,Houston Comets,University of Connecticut,center,193,
Sancho Lyttle,Phoenix Mercury,University of Houston,center,193,
Ann Wauters,Atlanta Dream,,center,195,
Nicole Powell,Seattle Storm,Stanford University,power forward,188,
Kara Lawson,Connecticut Sun,University of Tennessee,point guard,175,
Shay Doron,New York Liberty,,shooting guard,174,
Shannon Johnson,Houston Comets,University of South Carolina,shooting guard,173,
Amaya Valdemoro,Houston Comets,,small forward,183,
Kara Lawson,Washington Mystics,University of Tennessee,point guard,175,
Shannon Johnson,Seattle Storm,University of South Carolina,point guard,173,
Lindsay Whalen,Minnesota Lynx,,point guard,173,
Betty Lennox,Minnesota Lynx,Louisiana Tech University,small forward,173,
Sancho Lyttle,Houston Comets,University of Houston,center,193,
Yolanda Griffith,Sacramento Monarchs,,center,193,
Jennifer Gillom,Los Angeles Sparks,University of Mississippi,power forward,191,
Camille Little,Connecticut Sun,,power forward,188,
Jennifer Lacy,Phoenix Mercury,Pepperdine University,small forward,191,
Maya Moore,Minnesota Lynx,University of Connecticut,small forward,183,
Stacey Lovelace-Tolbert,Chicago Sky,Purdue University,power forward,193,
Edwige Lawson-Wade,Seattle Storm,,point guard,166,
Stacey Lovelace-Tolbert,Washington Mystics,Purdue University,power forward,193,
Erin Phillips,Indiana Fever,,point guard,170,
Katie Feenstra-Mattera,Atlanta Dream,Q1468607,center,203,
LaToya Thomas,Cleveland Rockers,,small forward,188,
Betty Lennox,Cleveland Rockers,Louisiana Tech University,shooting guard,173,
Céline Dumerc,Atlanta Dream,,point guard,169,
Tiffany Jackson,New York Liberty,,power forward,191,
Émilie Gomis,New York Liberty,,shooting guard,180,
Kara Braxton,New York Liberty,University of Georgia,center,198,
LaToya Thomas,Los Angeles Sparks,,small forward,188,
Katie Feenstra-Mattera,Chicago Sky,Q1468607,center,203,
Kristi Harrower,Minnesota Lynx,,point guard,165,
Lisa Willis,Los Angeles Sparks,"University of California, Los Angeles",shooting guard,180,
Kara Braxton,Phoenix Mercury,University of Georgia,center,198,
Lin Dunn,Indiana Fever,University of Tennessee at Martin,,,
Edwige Lawson-Wade,New York Liberty,,point guard,166,
Edwige Lawson-Wade,Houston Comets,,point guard,166,
Florina Pașcalău,Seattle Storm,,center,194,
Erin Phillips,Connecticut Sun,,point guard,170,
Stacey Lovelace-Tolbert,Seattle Storm,Purdue University,power forward,193,
Monique Currie,Charlotte Sting,Duke University,shooting guard,183,
Erin Phillips,Phoenix Mercury,,point guard,170,
Allie Quigley,Chicago Sky,DePaul University,shooting guard,178,
Tiffany Jackson,Los Angeles Sparks,,power forward,191,
Betty Lennox,Minnesota Lynx,Louisiana Tech University,shooting guard,173,
Shameka Christon,Phoenix Mercury,,shooting guard,185,
Monique Currie,Chicago Sky,Duke University,shooting guard,183,
Allie Quigley,Indiana Fever,DePaul University,shooting guard,178,
Kara Wolters,Houston Comets,University of Connecticut,center,201,
Sandora Irvin,Chicago Sky,,small forward,191,
Monique Currie,Washington Mystics,Duke University,shooting guard,183,
Lisa Willis,New York Liberty,"University of California, Los Angeles",shooting guard,180,
Endéné Miyem,Minnesota Lynx,Sciences Po,power forward,188,
Kendra Wecker,Washington Mystics,Kansas State University,small forward,180,
Rachel Jarry,Minnesota Lynx,,small forward,186,
Betty Lennox,Atlanta Dream,Louisiana Tech University,shooting guard,173,
Laura Summerton,Connecticut Sun,,small forward,188,
Ivory Latta,Atlanta Dream,,point guard,168,
Shameka Christon,New York Liberty,,shooting guard,185,
Kara Wolters,Sacramento Monarchs,University of Connecticut,center,201,
Betty Lennox,Los Angeles Sparks,Louisiana Tech University,shooting guard,173,
Loree Moore,New York Liberty,,shooting guard,175,
Jennifer Lacy,Atlanta Dream,Pepperdine University,small forward,191,
Betty Lennox,Miami Sol,Louisiana Tech University,shooting guard,173,
Allie Quigley,Phoenix Mercury,DePaul University,shooting guard,178,
Jenna O'Hea,Seattle Storm,,shooting guard,185,
Anna Montañana,Minnesota Lynx,George Washington University,power forward,186,
Allie Quigley,Seattle Storm,DePaul University,shooting guard,178,
Monique Currie,Phoenix Mercury,Duke University,shooting guard,183,
Jennifer Lacy,Los Angeles Sparks,Pepperdine University,small forward,191,
Kristin Haynie,Atlanta Dream,Michigan State University,shooting guard,175,
LaToya Thomas,Minnesota Lynx,,small forward,188,
Valerie Still,Washington Mystics,University of Kentucky,,185,
Asjha Jones,Minnesota Lynx,University of Connecticut,center,188,
Ashley Robinson,Chicago Sky,,center,193,
Sandora Irvin,Atlanta Dream,,small forward,191,
Erin Phillips,Los Angeles Sparks,,point guard,170,
Zuzana Žirková,Washington Mystics,,point guard,175,
Chioma Nnamaka,Atlanta Dream,Georgia Tech,shooting guard,183,
Camille Little,Atlanta Dream,,power forward,188,
Stacey Lovelace-Tolbert,Minnesota Lynx,Purdue University,power forward,193,
Camille Little,Seattle Storm,,power forward,188,
Stacey Lovelace-Tolbert,Atlanta Dream,Purdue University,power forward,193,
Shameka Christon,Chicago Sky,,shooting guard,185,
Loree Moore,New York Liberty,,point guard,175,
Lisa Willis,Sacramento Monarchs,"University of California, Los Angeles",shooting guard,180,
Betty Lennox,Seattle Storm,Louisiana Tech University,shooting guard,173,
Candice Dupree,Chicago Sky,,power forward,188,
Kara Wolters,Indiana Fever,University of Connecticut,center,201,
Sandora Irvin,Phoenix Mercury,,small forward,191,
Clarissa dos Santos,Chicago Sky,,center,187,
Yelena Leuchanka,Atlanta Dream,,center,194,
Sonja Henning,Houston Comets,Stanford University,point guard,170,
Olympia Scott,Charlotte Sting,Stanford University,center,188,
Yelena Leuchanka,Washington Mystics,,center,194,
Zane Tamane,Washington Mystics,Western Illinois University,center,196,
Allison Feaster,Charlotte Sting,Harvard University,small forward,180,
Kathrin Ress,Minnesota Lynx,Boston College,power forward,193,
Brian Agler,Los Angeles Sparks,Pittsburg State University,point guard,,
Jackie Stiles,Portland Fire,Missouri State University,point guard,173,
Yelena Leuchanka,Connecticut Sun,,center,194,
Andrea Kuklová,Phoenix Mercury,,point guard,183,
Evanthia Maltsi,Connecticut Sun,,small forward,180,
Jamila Wideman,Los Angeles Sparks,Stanford University,point guard,168,
Kayte Christensen,Phoenix Mercury,,power forward,191,
Sonja Vasić,Phoenix Mercury,,small forward,189,
Kim Gaucher,Phoenix Mercury,University of Utah,small forward,183,
Zane Tamane,Phoenix Mercury,Western Illinois University,center,196,
Tamecka Dixon,Houston Comets,University of Kansas,shooting guard,175,
Kayte Christensen,Houston Comets,,power forward,191,
Carolyn Moos,Minnesota Lynx,Stanford University,center,,
Coco Miller,Atlanta Dream,University of Georgia,shooting guard,178,
Orlando Woolridge,Los Angeles Sparks,University of Notre Dame,small forward,206,
Chamique Holdsclaw,Washington Mystics,University of Tennessee,power forward,188,
Catherine Joens,Chicago Sky,George Washington University,shooting guard,180,
Vicky Bullett,Charlotte Sting,University of Maryland,power forward,191,
Kelly Miller,Minnesota Lynx,University of Georgia,point guard,178,
Carolyn Moos,Miami Sol,Stanford University,center,,
Ashley Walker,Seattle Storm,,power forward,185,
Carolyn Moos,Phoenix Mercury,Stanford University,center,,
Kristi Toliver,Los Angeles Sparks,University of Maryland,point guard,170,
Sonja Henning,Washington Mystics,Stanford University,point guard,170,
Coco Miller,Los Angeles Sparks,University of Georgia,shooting guard,178,
Leila Sobral,Washington Mystics,,small forward,185,
DeWanna Bonner,Connecticut Sun,Auburn University,small forward,193,
Tiffany Hayes,Atlanta Dream,,small forward,178,
Sonja Henning,Indiana Fever,Stanford University,point guard,170,
Kristi Toliver,Chicago Sky,University of Maryland,point guard,170,
Kelly Miller,Atlanta Dream,University of Georgia,point guard,178,
Sasha Goodlett,Chicago Sky,Georgia Tech,center,196,
Coco Miller,Washington Mystics,University of Georgia,shooting guard,178,
Ashley Walker,Connecticut Sun,,power forward,185,
Kelly Miller,Charlotte Sting,University of Georgia,point guard,178,
DeWanna Bonner,Indiana Fever,Auburn University,small forward,193,
Sasha Goodlett,Indiana Fever,Georgia Tech,center,196,
Jamila Wideman,Portland Fire,Stanford University,point guard,168,
Plenette Pierson,New York Liberty,Texas Tech University,power forward,188,
Kim Gaucher,Sacramento Monarchs,University of Utah,small forward,183,
Merlakia Jones,Cleveland Rockers,University of Florida,shooting guard,175,
Kristen O’Neill,Seattle Storm,University of Washington,small forward,73,
Kayte Christensen,Chicago Sky,,power forward,191,
Marta Fernández,Los Angeles Sparks,,shooting guard,180,
Plenette Pierson,Phoenix Mercury,Texas Tech University,power forward,188,
Kelly Miller,Washington Mystics,University of Georgia,point guard,178,
Brian Agler,Los Angeles Sparks,Wittenberg University,point guard,,
Sonja Vasić,Chicago Sky,,small forward,189,
Lauren Ervin,Connecticut Sun,,center,193,
Jamila Wideman,Cleveland Rockers,Stanford University,point guard,168,
Tamecka Dixon,Los Angeles Sparks,University of Kansas,shooting guard,175,
Kelly Miller,Indiana Fever,University of Georgia,point guard,178,
Nuria Martínez,Minnesota Lynx,,point guard,174,
Sonja Henning,Seattle Storm,Stanford University,point guard,170,
Yelena Leuchanka,Charlotte Sting,,center,194,
Chamique Holdsclaw,Washington Mystics,University of Tennessee,small forward,188,
DeWanna Bonner,Phoenix Mercury,Auburn University,small forward,193,
Vicky Bullett,Charlotte Sting,University of Maryland,small forward,191,
Tamecka Dixon,Indiana Fever,University of Kansas,shooting guard,175,
Andrea Kuklová,Phoenix Mercury,,shooting guard,183,
Kelly Miller,New York Liberty,University of Georgia,point guard,178,
Chen Nan,Chicago Sky,,center,196,
Annie La Fleur,Minnesota Lynx,,shooting guard,170,
Lynetta Kizer,Indiana Fever,University of Maryland,center,193,
Samantha Prahalis,Atlanta Dream,Ohio State University,point guard,170,
Mwadi Mabika,Houston Comets,,shooting guard,180,
Eva Horáková,Cleveland Rockers,,small forward,187,
LaToya Bond,Indiana Fever,University of Missouri,point guard,170,
Taj McWilliams-Franklin,New York Liberty,St. Edward's University,power forward,191,
Katy Steding,Sacramento Monarchs,Stanford University,small forward,183,
Samantha Prahalis,Los Angeles Sparks,Ohio State University,point guard,170,
Taj McWilliams-Franklin,New York Liberty,Georgia State University,power forward,191,
Michelle Chandler,Phoenix Mercury,,shooting guard,168,
Nykesha Sales,Connecticut Sun,University of Connecticut,small forward,183,
Brooke Smith,Minnesota Lynx,Duke University,center,191,
Andrea Lloyd,Minnesota Lynx,,power forward,188,
Lynetta Kizer,Phoenix Mercury,University of Maryland,center,193,
Dominique Canty,Chicago Sky,University of Alabama,shooting guard,175,
Kelley Cain,Connecticut Sun,University of Tennessee,center,198,
Venus Lacy,New York Liberty,Louisiana Tech University,center,193,
Kalana Greene,New York Liberty,,shooting guard,178,
Dominique Canty,Washington Mystics,University of Alabama,shooting guard,175,
Lindsay Taylor,Washington Mystics,"University of California, Santa Barbara",center,183,
Dominique Canty,Houston Comets,University of Alabama,small forward,175,
Yuko Oga,Phoenix Mercury,,point guard,170,
Mwadi Mabika,Los Angeles Sparks,,shooting guard,180,
Michelle Snow,Houston Comets,University of Tennessee,center,1.96,
Samantha Prahalis,New York Liberty,Ohio State University,point guard,170,
Trisha Fallon,Minnesota Lynx,,small forward,196,
Kelley Cain,New York Liberty,University of Tennessee,center,198,
Samantha Prahalis,Phoenix Mercury,Ohio State University,point guard,170,
Martina Weber,New York Liberty,,center,195,
Brooke Smith,Phoenix Mercury,Stanford University,center,191,
Nikki McCray,Chicago Sky,,shooting guard,181,
Sidney Spencer,Connecticut Sun,,shooting guard,191,
Sidney Spencer,Phoenix Mercury,,shooting guard,191,
Carolyn Jones-Young,Portland Fire,Auburn University,shooting guard,172,
Chay Shegog,Connecticut Sun,,center,196,
Brooke Smith,Phoenix Mercury,Duke University,center,191,
Clarissa Davis,Phoenix Mercury,,,185,
Michelle Snow,Atlanta Dream,University of Tennessee,center,1.96,
Sidney Spencer,New York Liberty,,shooting guard,191,
Nikki McCray,Indiana Fever,,shooting guard,181,
Vicky Bullett,Charlotte Sting,University of Maryland,center,191,
Taj McWilliams-Franklin,Minnesota Lynx,St. Edward's University,power forward,191,
Michele Timms,Phoenix Mercury,,point guard,170,
Dominique Canty,Chicago Sky,University of Alabama,small forward,175,
Dominique Canty,Houston Comets,University of Alabama,shooting guard,175,
Taj McWilliams-Franklin,Minnesota Lynx,Georgia State University,power forward,191,
Dominique Canty,Washington Mystics,University of Alabama,small forward,175,
Katy Steding,Seattle Storm,Stanford University,small forward,183,
Vickie Johnson,New York Liberty,Louisiana Tech University,shooting guard,175,
Michelle Snow,Chicago Sky,University of Tennessee,center,1.96,
Marlous Nieuwveen,Los Angeles Sparks,,center,196,
Nikki McCray,Washington Mystics,,shooting guard,181,
Taj McWilliams-Franklin,Los Angeles Sparks,St. Edward's University,power forward,191,
Taj McWilliams-Franklin,Connecticut Sun,St. Edward's University,power forward,191,
Taj McWilliams-Franklin,Los Angeles Sparks,Georgia State University,power forward,191,
Katie Gearlds,Seattle Storm,Purdue University,,185,
Taj McWilliams-Franklin,Connecticut Sun,Georgia State University,power forward,191,
Michelle Brogan,Phoenix Mercury,,small forward,185,
LaToya Bond,Charlotte Sting,University of Missouri,point guard,170,
Taj McWilliams-Franklin,Washington Mystics,St. Edward's University,power forward,191,
Sidney Spencer,Los Angeles Sparks,,shooting guard,191,
Sandra van Embricqs,Los Angeles Sparks,"University of California, Los Angeles",center,184,
Taj McWilliams-Franklin,Washington Mystics,Georgia State University,power forward,191,
Brooke Smith,Minnesota Lynx,Stanford University,center,191,
Nikki McCray,Phoenix Mercury,,shooting guard,181,
Elena Delle Donne,Washington Mystics,University of Delaware,shooting guard,196,
Margo Dydek,Connecticut Sun,,center,218,
Rebekkah Brunson,Minnesota Lynx,Georgetown University,center,191,
Andrea Nagy,Sacramento Monarchs,Florida International University,point guard,170,
Jenny Whittle,Washington Mystics,,center,196,
Amanda Lassiter,Minnesota Lynx,University of Missouri,power forward,185,
Courtney Paris,Atlanta Dream,,center,193,
Jacinta Monroe,Washington Mystics,Florida State University,center,196,
Laura Harper,Sacramento Monarchs,,power forward,196,
Bernadette Ngoyisa,Chicago Sky,,center,195,
K. B. Sharp,Chicago Sky,,shooting guard,175,
Angie Bjorklund,Chicago Sky,University of Tennessee,point guard,183,
Cláudia das Neves,Miami Sol,,point guard,170,
Sandrine Gruda,Los Angeles Sparks,INSEP,center,192,
Janice Lawrence Braxton,Cleveland Rockers,Louisiana Tech University,small forward,191,
Sandrine Gruda,Connecticut Sun,INSEP,center,192,
Svetlana Abrosimova,Seattle Storm,University of Connecticut,small forward,185,
Tammy Jackson,Houston Comets,University of Florida,center,190,
Miao Lijie,Sacramento Monarchs,,shooting guard,180,
April Sykes,Los Angeles Sparks,,shooting guard,183,
Brian Winters,Indiana Fever,University of South Carolina,shooting guard,193,
Anastasia Kostaki,Houston Comets,,shooting guard,172,
Bernice Mosby,Washington Mystics,University of Florida,small forward,185,
Amanda Lassiter,Chicago Sky,University of Missouri,power forward,185,
Amisha Carter,New York Liberty,,center,187,
Albena Branzova,New York Liberty,Florida International University,center,193,
Bernadette Ngoyisa,Indiana Fever,,center,195,
K. B. Sharp,Indiana Fever,,shooting guard,175,
Ewelina Kobryn,Seattle Storm,,center,191,
Margo Dydek,Los Angeles Sparks,,center,218,
Andrea Nagy,Washington Mystics,Florida International University,point guard,170,
T. R. Dunn,Charlotte Sting,University of Alabama,shooting guard,193,
Pamela McGee,Los Angeles Sparks,,center,191,
Laurie Koehn,Atlanta Dream,Kansas State University,point guard,173,
Aneika Henry,Atlanta Dream,University of Florida,center,193,
Andrea Stinson,Charlotte Sting,North Carolina State University,shooting guard,178,
Alex Montgomery,New York Liberty,Georgia Tech,shooting guard,185,
Lindsay Taylor,Seattle Storm,"University of California, Santa Barbara",center,183,
Angel Robinson,Seattle Storm,,center,198,
Ewelina Kobryn,Phoenix Mercury,,center,191,
Andrea Nagy,New York Liberty,Florida International University,point guard,170,
Bernice Mosby,Washington Mystics,Baylor University,small forward,185,
Amanda Lassiter,Seattle Storm,University of Missouri,power forward,185,
Pamela McGee,Sacramento Monarchs,,center,191,
Janeth Arcain,Houston Comets,,shooting guard,180,
Laurie Koehn,Washington Mystics,Kansas State University,point guard,173,
Svetlana Abrosimova,Minnesota Lynx,University of Connecticut,small forward,185,
Aya Traoré,Washington Mystics,Utah Tech University,small forward,188,
Ashley Houts,Washington Mystics,University of Georgia,point guard,168,
Tammy Jackson,Washington Mystics,University of Florida,center,190,
Amber Harris,Minnesota Lynx,,small forward,196,
Lindsay Taylor,Houston Comets,"University of California, Santa Barbara",center,183,
Bernadette Ngoyisa,New York Liberty,,center,195,
K. B. Sharp,New York Liberty,,shooting guard,175,
Elena Baranova,Miami Sol,,power forward,192,
Tree Rollins,Washington Mystics,Clemson University,center,216,
April Sykes,Los Angeles Sparks,,small forward,183,
Abi Olajuwon,Chicago Sky,,center,193,
Damiris Dantas,Minnesota Lynx,,center,192,
Audrey Sauret,Washington Mystics,,small forward,178,
Amanda Lassiter,Houston Comets,University of Missouri,power forward,185,
Jana Veselá,Seattle Storm,,small forward,194,
Courtney Paris,Sacramento Monarchs,,center,193,
Svetlana Abrosimova,Connecticut Sun,University of Connecticut,small forward,185,
Elena Baranova,New York Liberty,,power forward,192,
Rebekkah Brunson,Sacramento Monarchs,Georgetown University,center,191,
Adriana Moisés Pinto,Phoenix Mercury,,point guard,170,
Elena Delle Donne,Chicago Sky,University of Delaware,shooting guard,196,
T. R. Dunn,Charlotte Sting,University of Alabama,small forward,193,
Hamchétou Maïga,Sacramento Monarchs,Old Dominion University,power forward,186,
Brittney Griner,Phoenix Mercury,Baylor University,center,203,
Carla Thomas,Chicago Sky,,center,191,
Debbie Black,Connecticut Sun,,point guard,160,
Charde Houston,New York Liberty,,small forward,183,
Glory Johnson,Dallas Wings,University of Tennessee,small forward,191,
Cathrine Kraayeveld,Atlanta Dream,University of Oregon,small forward,191,
Grace Daley,New York Liberty,,point guard,168,
Debbie Black,Miami Sol,,point guard,160,
Grace Daley,Houston Comets,,point guard,168,
Ebony Hoffman,Indiana Fever,,center,188,
Erlana Larkins,Indiana Fever,University of North Carolina at Chapel Hill,small forward,185,
Cheryl Reeve,Minnesota Lynx,,,,
Chasity Melvin,Cleveland Rockers,North Carolina State University,power forward,191,
Erin Perperoglou,Minnesota Lynx,The Master's University,power forward,191,
Erin Thorn,Indiana Fever,,shooting guard,178,
Epiphanny Prince,New York Liberty,Rutgers University,shooting guard,175,
Hamchétou Maïga,Minnesota Lynx,Old Dominion University,power forward,186,
Charlotte Smith,Charlotte Sting,,small forward,183,
Ify Ibekwe,Seattle Storm,University of Arizona,small forward,74,
Edna Campbell,Phoenix Mercury,University of Maryland,shooting guard,173,
Gabriela Mărginean,Minnesota Lynx,Drexel University,small forward,182,
Cathrine Kraayeveld,Chicago Sky,University of Oregon,small forward,191,
Ebony Hoffman,Connecticut Sun,,power forward,188,
Edna Campbell,Sacramento Monarchs,University of Texas at Austin,shooting guard,173,
Carolyn Swords,Chicago Sky,,center,198,
Erlana Larkins,New York Liberty,University of North Carolina at Chapel Hill,small forward,185,
Edna Campbell,Seattle Storm,University of Maryland,shooting guard,173,
Briann January,Indiana Fever,,point guard,173,
Charlotte Smith,Indiana Fever,,small forward,183,
Erin Perperoglou,Charlotte Sting,The Master's University,power forward,191,
Chasity Melvin,Cleveland Rockers,North Carolina State University,center,191,
Dan Hughes,Cleveland Rockers,Miami University,,,
Dan Hughes,Charlotte Sting,Miami University,,,
Erin Thorn,Minnesota Lynx,,shooting guard,178,
Ebony Hoffman,Connecticut Sun,,center,188,
Cathrine Kraayeveld,New York Liberty,University of Oregon,small forward,191,
Brittainey Raven,Atlanta Dream,University of Texas at Austin,small forward,72,
Charlotte Smith,Washington Mystics,,small forward,183,
Cayla George,Phoenix Mercury,,center,193,
Erin Thorn,New York Liberty,,shooting guard,178,
Edna Campbell,Sacramento Monarchs,University of Maryland,shooting guard,173,
Erin Perperoglou,Sacramento Monarchs,"University of California, Santa Barbara",power forward,191,
Ebony Hoffman,Los Angeles Sparks,,power forward,188,
Chasity Melvin,Chicago Sky,North Carolina State University,power forward,191,
Danielle Page,Connecticut Sun,University of Nebraska–Lincoln,small forward,186,
Chasity Melvin,Washington Mystics,North Carolina State University,power forward,191,
Erin Perperoglou,Minnesota Lynx,"University of California, Santa Barbara",power forward,191,
Felicia Chester,New York Liberty,DePaul University,small forward,75,
Emma Meesseman,Chicago Sky,Vrije Universiteit Brussel,center,193,
Ebony Hoffman,Los Angeles Sparks,,center,188,
Emma Meesseman,Washington Mystics,Vrije Universiteit Brussel,center,193,
Chante Black,Connecticut Sun,Duke University,center,196,
Gergana Slavčeva,Phoenix Mercury,Florida International University,small forward,188,
Edna Campbell,Phoenix Mercury,University of Texas at Austin,shooting guard,173,
Carolyn Swords,New York Liberty,,center,198,
Chasity Melvin,Chicago Sky,North Carolina State University,center,191,
Charde Houston,Minnesota Lynx,,small forward,183,
Fran Harris,Houston Comets,,point guard,183,
Erin Perperoglou,Charlotte Sting,"University of California, Santa Barbara",power forward,191,
Chasity Melvin,Washington Mystics,North Carolina State University,center,191,
Grace Daley,Minnesota Lynx,,point guard,168,
Carla Thomas,Chicago Sky,,power forward,191,
Brigitte Ardossi,Atlanta Dream,Georgia Tech,power forward,188,
Edna Campbell,Seattle Storm,University of Texas at Austin,shooting guard,173,
Hamchétou Maïga,Houston Comets,Old Dominion University,power forward,186,
Erin Thorn,Chicago Sky,,shooting guard,178,
Dena Head,Phoenix Mercury,University of Tennessee,point guard,178,
Ebony Hoffman,Indiana Fever,,power forward,188,
Grace Daley,Phoenix Mercury,,point guard,168,
Epiphanny Prince,Chicago Sky,Rutgers University,shooting guard,175,
Dan Hughes,Seattle Storm,Miami University,,,
Liz Moeggenberg,Chicago Sky,Michigan State University,small forward,185,
Erin Perperoglou,Sacramento Monarchs,The Master's University,power forward,191,
Mistie Mims,Phoenix Mercury,Duke University,power forward,191,
LaToya Sanders,Los Angeles Sparks,University of North Carolina at Chapel Hill,small forward,191,
Jantel Lavender,Los Angeles Sparks,Ohio State University,center,193,
Jasmine Thomas,Washington Mystics,,shooting guard,175,
Natalie Achonwa,Indiana Fever,University of Notre Dame,center,192,
Molly Goodenbour,Sacramento Monarchs,Stanford University,point guard,168,
LaToya Sanders,Washington Mystics,University of North Carolina at Chapel Hill,small forward,191,
Lenae Williams,Charlotte Sting,,small forward,180,
Natalie Novosel,Washington Mystics,,shooting guard,180,
Natasha Lacy,Washington Mystics,,shooting guard,178,
Lindsay Wisdom-Hylton,Chicago Sky,,small forward,188,
Jasmine Thomas,Connecticut Sun,,shooting guard,175,
Kelsey Griffin,Connecticut Sun,University of Nebraska–Lincoln,small forward,185,
Nakia Sanford,Washington Mystics,University of Kansas,center,194,
Monica Wright,Minnesota Lynx,University of Virginia,shooting guard,180,
Michelle Marciniak,Seattle Storm,University of Tennessee,point guard,178,
Kiesha Brown,Minnesota Lynx,University of Georgia,point guard,175,
Michelle Marciniak,Portland Fire,University of Tennessee,point guard,178,
Marie Ferdinand-Harris,Los Angeles Sparks,Louisiana State University,shooting guard,175,
Natasha Lacy,Connecticut Sun,,shooting guard,178,
Mistie Mims,Houston Comets,Duke University,power forward,191,
Nicky Anosike,Washington Mystics,,center,188,
LaToya Sanders,Phoenix Mercury,University of North Carolina at Chapel Hill,small forward,191,
Karima Christmas,Indiana Fever,,small forward,183,
Julie Wojta,Minnesota Lynx,,shooting guard,183,
Krystal Thomas,Indiana Fever,Duke University,center,196,
Kiesha Brown,Los Angeles Sparks,University of Georgia,point guard,175,
Nakia Sanford,Phoenix Mercury,University of Kansas,center,194,
Kiesha Brown,Connecticut Sun,University of Georgia,point guard,175,
Matee Ajavon,Houston Comets,Rutgers University,point guard,173,
Natasha Lacy,New York Liberty,,shooting guard,178,
Kim Perrot,Houston Comets,,point guard,165,
Kia Vaughn,Washington Mystics,Rutgers University,center,193,
Karima Christmas,Washington Mystics,,small forward,183,
Nakia Sanford,Seattle Storm,University of Kansas,center,194,
Kiesha Brown,Washington Mystics,University of Georgia,point guard,175,
Ketia Swanier,Atlanta Dream,,point guard,170,
Krystal Thomas,Phoenix Mercury,Duke University,center,196,
Leilani Mitchell,Phoenix Mercury,,point guard,165,
Marie Ferdinand-Harris,Phoenix Mercury,Louisiana State University,shooting guard,175,
Kia Vaughn,New York Liberty,Rutgers University,center,193,
Krystal Thomas,Seattle Storm,Duke University,center,196,
Kiesha Brown,New York Liberty,University of Georgia,point guard,175,
Jessica Breland,Connecticut Sun,University of North Carolina at Chapel Hill,small forward,191,
Kayla Pedersen,Connecticut Sun,Stanford University,small forward,193,
Laure Savasta,Sacramento Monarchs,University of Washington,point guard,170,
Jessica Breland,Chicago Sky,University of North Carolina at Chapel Hill,small forward,191,
Jolene Anderson,Connecticut Sun,University of Wisconsin–Madison,shooting guard,175,
Natasha Lacy,Los Angeles Sparks,,shooting guard,178,
Mistie Mims,Connecticut Sun,Duke University,power forward,191,
Ketia Swanier,Connecticut Sun,,point guard,170,
Monica Wright,Seattle Storm,University of Virginia,shooting guard,180,
Jia Perkins,Charlotte Sting,Texas Tech University,shooting guard,173,
Jessica Breland,Indiana Fever,University of North Carolina at Chapel Hill,small forward,191,
Matee Ajavon,Atlanta Dream,Rutgers University,point guard,173,
Ketia Swanier,Phoenix Mercury,,point guard,170,
Mistie Mims,Chicago Sky,Duke University,power forward,191,
Jeanette Pohlen,Indiana Fever,Stanford University,shooting guard,183,
Itoro Umoh-Coleman,Houston Comets,,shooting guard,170,
Mamignan Touré,Connecticut Sun,,shooting guard,183,
Michelle Marciniak,Seattle Storm,University of Notre Dame,point guard,178,
Michelle Marciniak,Seattle Storm,Notre Dame University,point guard,178,
Jia Perkins,Chicago Sky,Texas Tech University,shooting guard,173,
Michelle Marciniak,Portland Fire,University of Notre Dame,point guard,178,
LaToya Sanders,Minnesota Lynx,University of North Carolina at Chapel Hill,small forward,191,
Nicky Anosike,Los Angeles Sparks,,center,188,
Jessica Breland,New York Liberty,University of North Carolina at Chapel Hill,small forward,191,
Michelle Marciniak,Portland Fire,Notre Dame University,point guard,178,
Jurgita Štreimikytė-Virbickienė,Indiana Fever,,small forward,188,
Matee Ajavon,Washington Mystics,Rutgers University,point guard,173,
Jasmine Thomas,Atlanta Dream,,shooting guard,175,
Kiesha Brown,Houston Comets,University of Georgia,point guard,175,
Leigh Aziz,Indiana Fever,,center,191,
Alisa Burras,Seattle Storm,Louisiana Tech University,center,191,
Shona Thorburn,Seattle Storm,University of Utah,point guard,178,
Ashley Battle,Seattle Storm,University of Connecticut,,183,
Nicole Ohlde,Phoenix Mercury,Kansas State University,power forward,196,
Nikki Teasley,Washington Mystics,,point guard,183,
Alisa Burras,Portland Fire,Louisiana Tech University,center,191,
Pokey Chatman,Chicago Sky,,point guard,,
Amber Jacobs,Washington Mystics,Boston College,point guard,173,
Slobodanka Maksimović,Phoenix Mercury,,center,193,
Tonya Edwards,Charlotte Sting,University of Detroit Mercy,shooting guard,178,
Shavonte Zellous,Washington Mystics,University of Pittsburgh,shooting guard,178,
Vicki Hall,Los Angeles Sparks,University of Texas at Austin,power forward,185,
Alisa Burras,Cleveland Rockers,Louisiana Tech University,center,191,
Adrian Williams-Strong,Sacramento Monarchs,University of Southern California,power forward,193,
Shavonte Zellous,Indiana Fever,University of Pittsburgh,shooting guard,178,
Tari Phillips,New York Liberty,University of Central Florida,power forward,185,
Sydney Colson,New York Liberty,,shooting guard,173,
Shannon Bobbitt,Los Angeles Sparks,University of Tennessee,point guard,157,
Adia Barnes,Seattle Storm,,small forward,180,
Alicia Thompson,New York Liberty,,small forward,185,
Tracy Reid,Charlotte Sting,,power forward,180,
Vicki Hall,Indiana Fever,University of Texas at Austin,power forward,185,
Astou Ndiaye-Diatta,Indiana Fever,Southern Nazarene University,center,191,
Ashley Battle,New York Liberty,University of Connecticut,,183,
Adia Barnes,Minnesota Lynx,,small forward,180,
Adrian Williams-Strong,Minnesota Lynx,University of Southern California,power forward,193,
Shannon Bobbitt,Washington Mystics,University of Tennessee,point guard,157,
Tari Phillips,Portland Fire,University of Central Florida,power forward,185,
Nicky Anosike,Minnesota Lynx,,center,188,
Angelina Wolvert,Cleveland Rockers,,,191,
Shannon Bobbitt,Indiana Fever,University of Tennessee,point guard,157,
Adrienne Goodson,Charlotte Sting,Old Dominion University,small forward,183,
Tangela Smith,Charlotte Sting,,power forward,191,
Ukari Figgs,Los Angeles Sparks,Purdue University,point guard,175,
Polina Tzekova,Houston Comets,,center,193,
Shona Thorburn,Minnesota Lynx,University of Utah,point guard,178,
Adia Barnes,Houston Comets,,small forward,180,
Astou Ndiaye-Diatta,Seattle Storm,Southern Nazarene University,center,191,
Tari Phillips,Houston Comets,University of Central Florida,power forward,185,
Tammy Sutton-Brown,Charlotte Sting,,center,193,
Nicole Ohlde,Minnesota Lynx,Kansas State University,power forward,196,
Nikki Teasley,Los Angeles Sparks,,point guard,183,
Victoria Dunlap,Washington Mystics,University of Kentucky,small forward,73,
Nneka Ogwumike,Los Angeles Sparks,Stanford University,power forward,188,
Tracy Reid,Miami Sol,,power forward,180,
Vicki Hall,Cleveland Rockers,University of Texas at Austin,power forward,185,
Tracy Reid,Phoenix Mercury,,power forward,180,
Ta'Shia Phillips,Washington Mystics,Xavier University,center,198,
Tammy Sutton-Brown,Indiana Fever,,center,193,
Adrienne Johnson,Connecticut Sun,,shooting guard,178,
Sue Wicks,New York Liberty,Rutgers University,center,191,
Astou Ndiaye-Diatta,Houston Comets,Southern Nazarene University,center,191,
Nádia Colhado,Atlanta Dream,,center,194,
Tracy Reid,Houston Comets,,power forward,180,
Adrian Williams-Strong,Phoenix Mercury,University of Southern California,power forward,193,
Ta'Shia Phillips,New York Liberty,Xavier University,center,198,
Amber Jacobs,Minnesota Lynx,Boston College,point guard,173,
Alisa Burras,Seattle Storm,University of Arkansas-Fort Smith,center,191,
Alicia Thompson,Indiana Fever,,small forward,185,
Andrea Congreaves,Charlotte Sting,,power forward,188,
Shekinna Stricklen,Seattle Storm,,small forward,188,
Victoria Dunlap,Seattle Storm,University of Kentucky,small forward,73,
Zuzana Gudzaraidze,Indiana Fever,Vanderbilt University,power forward,188,
Alisa Burras,Portland Fire,University of Arkansas-Fort Smith,center,191,
Adia Barnes,Sacramento Monarchs,,small forward,180,
Olayinka Sanni,Phoenix Mercury,,center,188,
Tonya Edwards,Minnesota Lynx,University of Detroit Mercy,shooting guard,178,
Amber Jacobs,Los Angeles Sparks,Boston College,point guard,173,
Nikki Teasley,Atlanta Dream,,point guard,183,
Alisa Burras,Cleveland Rockers,University of Arkansas-Fort Smith,center,191,
Shekinna Stricklen,Connecticut Sun,,small forward,188,
Alicia Thompson,Seattle Storm,,small forward,185,
Adrienne Johnson,Cleveland Rockers,,shooting guard,178,
Dana Wynne,Sacramento Monarchs,,,188,
Jae Kingi-Cross,Houston Comets,,,173,
Bahar Öztürk,Connecticut Sun,,small forward,183,
DeMya Walker,Connecticut Sun,,power forward,191,
Iciss Tillis,Los Angeles Sparks,Duke University,power forward,196,
Christi Thomas,Chicago Sky,,center,191,
Kamila Vodičková,Seattle Storm,,power forward,193,
Cass Bauer-Bilodeau,Charlotte Sting,Montana State University,small forward,193,
Danielle McCulley,Seattle Storm,Western Kentucky University,center,191,
Coquese Washington,New York Liberty,University of Notre Dame,point guard,168,
Jenny Boucek,Cleveland Rockers,,point guard,173,
Deanna Jackson,Chicago Sky,,,188,
Elisabeth Cebrián,New York Liberty,,center,196,
Jessica Moore,Atlanta Dream,University of Connecticut,power forward,191,
Bahar Öztürk,Houston Comets,,small forward,183,
Kate Starbird,Seattle Storm,Stanford University,shooting guard,185,
DeMya Walker,New York Liberty,,power forward,191,
Cass Bauer-Bilodeau,Washington Mystics,Montana State University,small forward,193,
Bethany Donaphin,New York Liberty,Stanford University,center,190,
Jessica Moore,Charlotte Sting,University of Connecticut,power forward,191,
Jae Kingi-Cross,Phoenix Mercury,,,173,
Kamila Vodičková,Phoenix Mercury,,power forward,193,
Jessica Moore,Los Angeles Sparks,University of Connecticut,power forward,191,
Jessica Moore,Connecticut Sun,University of Connecticut,power forward,191,
Brooke Wyckoff,Chicago Sky,Florida State University,small forward,185,
Iciss Tillis,New York Liberty,Duke University,power forward,196,
Darxia Morris,Atlanta Dream,,shooting guard,173,
Brandy Reed,Phoenix Mercury,University of Southern Mississippi,small forward,185,
Jennifer Derevjanik,Phoenix Mercury,George Mason University,point guard,178,
Jennifer Rizzotti,Cleveland Rockers,University of Connecticut,point guard,168,
Hajdana Radunović,New York Liberty,,center,191,
Jessica Moore,Washington Mystics,University of Connecticut,power forward,191,
Crystal Kelly,Sacramento Monarchs,,,188,
Jennifer Rizzotti,Houston Comets,University of Connecticut,point guard,168,
Bridget Pettis,Indiana Fever,University of Florida,,175,
Christi Thomas,Minnesota Lynx,,center,191,
Jackie Moore,Indiana Fever,"California State University, Long Beach",center,190,
Coquese Washington,Houston Comets,University of Notre Dame,point guard,168,
Kate Starbird,Sacramento Monarchs,Stanford University,shooting guard,185,
Chelsea Newton,Chicago Sky,Rutgers University,shooting guard,180,
Chantel Tremitiere,Sacramento Monarchs,Auburn University,point guard,168,
Jasmina Perazić,New York Liberty,University of Maryland,small forward,184,
Crystal Robinson,Washington Mystics,Southeastern Oklahoma State University,small forward,180,
Heather Burge,Sacramento Monarchs,University of Virginia,center,196,
DeMya Walker,Portland Fire,,power forward,191,
DeMya Walker,Sacramento Monarchs,,power forward,191,
Franthea Price,Sacramento Monarchs,,shooting guard,175,
Elaine Powell,Chicago Sky,,point guard,175,
Crystal Robinson,New York Liberty,Southeastern Oklahoma State University,small forward,180,
Bridget Pettis,Phoenix Mercury,University of Florida,,175,
Danielle Viglione,Sacramento Monarchs,,shooting guard,178,
Clarisse Machanguana,Charlotte Sting,Old Dominion University,center,196,
Clarisse Machanguana,Los Angeles Sparks,Old Dominion University,center,196,
Chantelle Anderson,Sacramento Monarchs,,center,198,
Cass Bauer-Bilodeau,Sacramento Monarchs,Montana State University,small forward,193,
Brandy Reed,Minnesota Lynx,University of Southern Mississippi,small forward,185,
Danielle McCulley,Indiana Fever,Western Kentucky University,center,191,
Ayana Walker,Charlotte Sting,,power forward,191,
Caity Matter,Charlotte Sting,,shooting guard,175,
Bahar Öztürk,Seattle Storm,,small forward,183,
Christelle N'Garsanet,New York Liberty,University of Missouri,center,191,
DeMya Walker,Washington Mystics,,power forward,191,
Kate Starbird,Indiana Fever,Stanford University,shooting guard,185,
Jessie Hicks,Connecticut Sun,University of Maryland,center,188,
Chantel Tremitiere,Indiana Fever,Auburn University,point guard,168,
Christi Thomas,Los Angeles Sparks,,center,191,
Laura Macchi,Los Angeles Sparks,,power forward,188,
Mfon Udoka,Houston Comets,DePaul University,,183,
Marina Ferragut,New York Liberty,University of Valencia,center,191,
Niele Ivey,Indiana Fever,University of Notre Dame,point guard,170,
Marcedes Walker,Houston Comets,,center,191,
Marta Xargay,Phoenix Mercury,,point guard,180,
Linda Burgess,Los Angeles Sparks,,,185,
Lynn Pride,Minnesota Lynx,University of Kansas,small forward,188,
Kristen Rasmussen,Houston Comets,Michigan State University,center,193,
Megan Duffy,New York Liberty,,point guard,170,
Michele Van Gorp,New York Liberty,,center,198,
Kelly Schumacher,Phoenix Mercury,,center,196,
Rita Williams,Seattle Storm,University of Connecticut,shooting guard,168,
Penny Toler,Los Angeles Sparks,"California State University, Long Beach",point guard,173,
Mery Andrade,Cleveland Rockers,Old Dominion University,small forward,180,
Katrina Colleton,Los Angeles Sparks,,shooting guard,178,
Mactabene Amachree,New York Liberty,Abilene Christian University,,185,
Kelley Gibson,Houston Comets,,,178,
Kristin Folkl,Portland Fire,Stanford University,small forward,188,
Mfon Udoka,Los Angeles Sparks,DePaul University,,183,
Penny Toler,Los Angeles Sparks,San Diego State University,point guard,173,
Levys Torres,Miami Sol,Florida State University,center,193,
Pollyanna Johns Kimbrough,Charlotte Sting,University of Michigan,center,188,
Kristen Rasmussen,Minnesota Lynx,Michigan State University,center,193,
Rita Williams,Houston Comets,University of Connecticut,shooting guard,168,
Pollyanna Johns Kimbrough,Miami Sol,University of Michigan,center,188,
Murriel Page,Los Angeles Sparks,University of Florida,center,188,
Kelly Mazzante,Charlotte Sting,,shooting guard,183,
Mikiko Hagiwara,Phoenix Mercury,Waseda University,shooting guard,175,
Lady Grooms,Sacramento Monarchs,University of Georgia,shooting guard,178,
Kristen Rasmussen,Charlotte Sting,Michigan State University,center,193,
Le'coe Willingham,Atlanta Dream,Auburn University,small forward,183,
Murriel Page,Washington Mystics,University of Florida,center,188,
Kristen Rasmussen,Connecticut Sun,Michigan State University,center,193,
Michelle Greco,Seattle Storm,,shooting guard,175,
Michele Van Gorp,Portland Fire,,center,198,
Kristen Rasmussen,Miami Sol,Michigan State University,center,193,
Olha Fyrsova,New York Liberty,,center,198,
Le'coe Willingham,Connecticut Sun,Auburn University,small forward,183,
Kelly Mazzante,Atlanta Dream,,shooting guard,183,
Le'coe Willingham,Chicago Sky,Auburn University,small forward,183,
Kristen Rasmussen,Indiana Fever,Michigan State University,center,193,
Michelle Edwards,Cleveland Rockers,,shooting guard,175,
Mery Andrade,Charlotte Sting,Old Dominion University,small forward,180,
Kerri Gardin,Connecticut Sun,Virginia Tech,small forward,185,
Nicky McCrimmon,Los Angeles Sparks,University of Southern California,shooting guard,173,
Kristin Folkl,Minnesota Lynx,Stanford University,small forward,188,
Kelly Boucher,Charlotte Sting,,,188,
Kerri Gardin,Washington Mystics,Virginia Tech,small forward,185,
Marta Xargay,Phoenix Mercury,,shooting guard,180,
Nina Bjedov,Los Angeles Sparks,,power forward,198,
La'Keshia Frett,Charlotte Sting,,power forward,191,
Kym Hampton,New York Liberty,,center,188,
Kristen Rasmussen,Phoenix Mercury,Michigan State University,center,193,
Katrina Colleton,Miami Sol,,shooting guard,178,
Mikiko Hagiwara,Sacramento Monarchs,Waseda University,shooting guard,175,
Kelly Schumacher,Indiana Fever,,center,196,
Pollyanna Johns Kimbrough,Cleveland Rockers,University of Michigan,center,188,
Le'coe Willingham,Phoenix Mercury,Auburn University,small forward,183,
Marlelynn Lange-Harris,Phoenix Mercury,"University of Nevada, Las Vegas",center,198,
Rita Williams,Washington Mystics,University of Connecticut,shooting guard,168,
Megan Duffy,Minnesota Lynx,,point guard,170,
Michele Van Gorp,Minnesota Lynx,,center,198,
Rita Williams,Indiana Fever,University of Connecticut,shooting guard,168,
Le'coe Willingham,Seattle Storm,Auburn University,small forward,183,
Mactabene Amachree,Washington Mystics,Abilene Christian University,,185,
Pollyanna Johns Kimbrough,Houston Comets,University of Michigan,center,188,
Mactabene Amachree,Seattle Storm,Abilene Christian University,,185,
Tamika Williams,Connecticut Sun,University of Connecticut,power forward,188,
Stacey Thomas,Charlotte Sting,University of Michigan,small forward,178,
Tausha Mills,Washington Mystics,University of Alabama,center,1.91,
Shay Murphy,Minnesota Lynx,,shooting guard,180,
Tiffany Stansbury,Los Angeles Sparks,North Carolina State University,center,191,
Rushia Brown,Cleveland Rockers,,,188,
Ana Dabović,Los Angeles Sparks,,shooting guard,183,
Tamara Moore,New York Liberty,University of Wisconsin–Madison,shooting guard,180,
Sharon Manning,Charlotte Sting,,center,191,
Tye'sha Fluker,Charlotte Sting,,center,196,
Tamara Moore,Phoenix Mercury,University of Wisconsin–Madison,shooting guard,180,
Shay Murphy,Phoenix Mercury,,shooting guard,180,
Vanessa Gidden,Minnesota Lynx,,center,191,
Tynesha Lewis,Houston Comets,North Carolina State University,shooting guard,178,
Tonya Washington,Washington Mystics,University of Florida,,183,
Sheri Sam,Charlotte Sting,,small forward,183,
Andrea Riley,Phoenix Mercury,Oklahoma State University,point guard,165,
Tonya Washington,Seattle Storm,University of Florida,,183,
Vanessa Nygaard,Charlotte Sting,Stanford University,small forward,185,
Sophia Witherspoon,Los Angeles Sparks,University of Florida,shooting guard,178,
Vanessa Hayden,Minnesota Lynx,University of Florida,center,193,
Stacey Thomas,Phoenix Mercury,University of Michigan,small forward,178,
Scholanda Dorrell,Sacramento Monarchs,Louisiana State University,shooting guard,180,
Sheri Sam,Indiana Fever,,small forward,183,
Tricia Bader Binford,Cleveland Rockers,Boise State University,,163,
Stacey Thomas,Seattle Storm,University of Michigan,small forward,178,
Tamara Moore,Houston Comets,University of Wisconsin–Madison,shooting guard,180,
Vanessa Hayden,Los Angeles Sparks,University of Florida,center,193,
Tynesha Lewis,Minnesota Lynx,North Carolina State University,shooting guard,178,
Stacey Thomas,Portland Fire,University of Michigan,small forward,178,
Sharon Manning,Miami Sol,,center,191,
Sherill Baker,Los Angeles Sparks,University of Georgia,shooting guard,173,
Sophia Witherspoon,New York Liberty,University of Florida,shooting guard,178,
Sheri Sam,Minnesota Lynx,,small forward,183,
Tynesha Lewis,Charlotte Sting,North Carolina State University,shooting guard,178,
Sherill Baker,Indiana Fever,University of Georgia,shooting guard,173,
Shay Murphy,Chicago Sky,,shooting guard,180,
Shalonda Enis,Charlotte Sting,University of Alabama,power forward,185,
Tasha Humphrey,Washington Mystics,,center,191,
Sheri Sam,Miami Sol,,small forward,183,
Tamara Moore,Minnesota Lynx,University of Wisconsin–Madison,shooting guard,180,
Sherill Baker,New York Liberty,University of Georgia,shooting guard,173,
Sophia Witherspoon,Portland Fire,University of Florida,shooting guard,178,
Tasha Humphrey,Minnesota Lynx,,center,191,
Shalonda Enis,Washington Mystics,University of Alabama,power forward,185,
Shalonda Enis,Charlotte Sting,University of Alabama,center,185,
Summer Erb,Charlotte Sting,North Carolina State University,,198,
Tamara Moore,Los Angeles Sparks,University of Wisconsin–Madison,shooting guard,180,
Tamika Williams,Minnesota Lynx,University of Connecticut,power forward,188,
Shay Murphy,Indiana Fever,,shooting guard,180,
Tamara Moore,Miami Sol,University of Wisconsin–Madison,shooting guard,180,
Stacey Thomas,Minnesota Lynx,University of Michigan,small forward,178,
Stacey Dales,Chicago Sky,University of Oklahoma,point guard,183,
Tora Suber,Charlotte Sting,University of Virginia,point guard,170,
Tiffany Stansbury,Minnesota Lynx,North Carolina State University,center,191,
Shalonda Enis,Washington Mystics,University of Alabama,center,185,
Sviatlana Volnaya,New York Liberty,University of Virginia,small forward,187,
Andrea Riley,Los Angeles Sparks,Oklahoma State University,point guard,165,
Tye'sha Fluker,Chicago Sky,,center,196,
Shay Murphy,Washington Mystics,,shooting guard,180,
Semeka Randall-Lay,Seattle Storm,University of Tennessee,shooting guard,178,
Stephanie White,Charlotte Sting,Purdue University,shooting guard,180,
Ambrosia Anderson,Connecticut Sun,Brigham Young University,small forward,183,
Avery Warley,Phoenix Mercury,Q1468607,center,191,
Marla Brumfield,Charlotte Sting,Prairie View A&M University,point guard,173,
A'Quonesia Franklin,Sacramento Monarchs,Texas A&M University,point guard,64,
Cindy Blodgett,Sacramento Monarchs,University of Maine,shooting guard,175,
Monica Maxwell,Washington Mystics,,small forward,175,
Brooke Queenan,Connecticut Sun,Boston College,power forward,74,
Jessica Brungo,Connecticut Sun,Pennsylvania State University,small forward,185,
Val Whiting,Minnesota Lynx,,center,188,
Marla Brumfield,Miami Sol,Prairie View A&M University,point guard,173,
Jenni Dant,Houston Comets,DePaul University,,,
Brooke Queenan,Chicago Sky,Boston College,power forward,74,
Curt Miller,Connecticut Sun,Baldwin Wallace University,,,
Ashley Shields,Houston Comets,,shooting guard,178,
Georgia Schweitzer,Minnesota Lynx,Duke University,shooting guard,183,
Penny Moore,Washington Mystics,,,183,
Jamie Redd,Seattle Storm,,,185,
Keisha Anderson,Charlotte Sting,,shooting guard,170,
Ambrosia Anderson,New York Liberty,Brigham Young University,small forward,183,
Rashanda McCants,Minnesota Lynx,,,185,
Alison Lacey,Seattle Storm,Iowa State University,shooting guard,183,
Alexis Gray-Lawson,Phoenix Mercury,,shooting guard,173,
Chandi Jones,Minnesota Lynx,,shooting guard,175,
Jacqueline Batteast,Minnesota Lynx,University of Notre Dame,power forward,185,
Markita Aldridge,Washington Mystics,,shooting guard,180,
Felicity Willis,Charlotte Sting,University of Arizona,,,
Charmin Smith,Minnesota Lynx,,,178,
Amanda Zahui,Dallas Wings,University of Minnesota,center,195,
Rhonda Blades,New York Liberty,Vanderbilt University,,170,
La'Tangela Atkinson,Sacramento Monarchs,University of North Carolina at Chapel Hill,small forward,185,
Maylana Martin,Minnesota Lynx,"University of California, Los Angeles",power forward,188,
Amanda Thompson,Atlanta Dream,,,185,
Brandi McCain,Cleveland Rockers,University of Florida,guard,160,
Crystal Smith,Phoenix Mercury,,shooting guard,168,
Joy Cheek,Indiana Fever,Duke University,,73,
Charmin Smith,Seattle Storm,,,178,
Octavia Blue,Houston Comets,University of Miami,,185,
Jessica Adair,Minnesota Lynx,George Washington University,center,193,
Charmin Smith,Phoenix Mercury,,,178,
Sheila Lambert,Houston Comets,Baylor University,point guard,170,
Maylana Martin,Charlotte Sting,"University of California, Los Angeles",power forward,188,
Heidi Burge,Los Angeles Sparks,University of Virginia,power forward,196,
Quacy Barnes,Seattle Storm,,center,196,
Joy Cheek,Washington Mystics,Duke University,,73,
Shalee Lehning,Atlanta Dream,Kansas State University,,175,
Toni Foster,Phoenix Mercury,,,185,
Heidi Burge,Washington Mystics,University of Virginia,power forward,196,
Alysha Clark,Seattle Storm,Q1784748,small forward,178,
Penny Moore,Charlotte Sting,,,183,
A'Quonesia Franklin,Seattle Storm,Texas A&M University,point guard,64,
Dymond Simon,Phoenix Mercury,,point guard,65,
Coretta Brown,Indiana Fever,,,175,
Stacy Clinesmith,Sacramento Monarchs,"University of California, Santa Barbara",combo guard,165,
Amber Hall,Portland Fire,University of Washington,,75,
Heidi Burge,Los Angeles Sparks,University of Virginia,center,196,
Avery Warley,Chicago Sky,Q1468607,center,191,
Quacy Barnes,Phoenix Mercury,,center,196,
Corissa Yasen,Sacramento Monarchs,Purdue University,small forward,183,
Octavia Blue,Los Angeles Sparks,University of Miami,,185,
Alysha Clark,Seattle Storm,Belmont University,small forward,178,
Heidi Burge,Washington Mystics,University of Virginia,center,196,
La'Tangela Atkinson,Indiana Fever,University of North Carolina at Chapel Hill,small forward,185,
Angie Braziel,Charlotte Sting,Texas Tech University,small forward,188,
Cindy Blodgett,Cleveland Rockers,University of Maine,shooting guard,175,
Ashley Earley,Indiana Fever,Vanderbilt University,,,
Erica White,Atlanta Dream,,point guard,64,
Marla Brumfield,Minnesota Lynx,Prairie View A&M University,point guard,173,
Kate Paye,Seattle Storm,,shooting guard,173,
Monica Maxwell,Indiana Fever,,small forward,175,
Chanel Mokango,Los Angeles Sparks,,power forward,196,
Jené Morris,Indiana Fever,San Diego State University,shooting guard,175,
Sheila Lambert,Charlotte Sting,Baylor University,point guard,170,
Avery Warley,New York Liberty,Q1468607,center,191,
Carla Cortijo,Atlanta Dream,University of Texas at Austin,point guard,173,
Kate Paye,Minnesota Lynx,,shooting guard,173,
Fred Williams,Dallas Wings,Boise State University,,183,
Bria Hartley,Washington Mystics,,point guard,173,
Monica Lamb-Powell,Houston Comets,,center,196,
Lindsey Yamasaki,Miami Sol,Stanford University,small forward,185,
Kaleena Mosqueda-Lewis,Seattle Storm,,small forward,180,
Susan King Borchardt,Minnesota Lynx,Stanford University,point guard,,
Tasha Butts,Houston Comets,University of Tennessee,,180,
Katelan Redmon,New York Liberty,,small forward,185,
Marcie Alberts,Cleveland Rockers,Ohio State University,,,
Natalie Nakase,Golden State Valkyries,,point guard,62,
Lindsey Yamasaki,New York Liberty,Stanford University,small forward,185,
Kristi Cirone,Connecticut Sun,,point guard,68,
Katasha Artis,Charlotte Sting,University of Virginia,,185,
Sharnee Zoll,Minnesota Lynx,University of Virginia,point guard,170,
Tia Paschal,Charlotte Sting,Florida State University,small forward,185,
Tiffany Travis,Charlotte Sting,University of Florida,,71,
Sugar Rodgers,Minnesota Lynx,,shooting guard,175,
Chucky Jeffery,New York Liberty,University of Colorado Boulder,shooting guard,70,
Mandisa Stevenson,Phoenix Mercury,Auburn University,power forward,75,
Julie McBride,Chicago Sky,Syracuse University,shooting guard,163,
Mandisa Stevenson,Seattle Storm,Auburn University,power forward,75,
Jennifer Smith,New York Liberty,University of Michigan,center,,
Lindsey Moore,Minnesota Lynx,,point guard,68,
Shanele Stires,Minnesota Lynx,Ohio University,small forward,180,
Khadijah Whittington,Indiana Fever,North Carolina State University,small forward,73,
Tajama Abraham,Sacramento Monarchs,George Washington University,,190,
Nyree Roberts,Houston Comets,Old Dominion University,center,190,
Lindsay Bowen,New York Liberty,Michigan State University,,,
Marlies Gipson,Atlanta Dream,,,,
Sharnee Zoll,Chicago Sky,University of Virginia,point guard,170,
Rui Machida,Washington Mystics,,point guard,162,
Kellie Harper,Cleveland Rockers,University of Tennessee,point guard,178,
Tayler Hill,Washington Mystics,Ohio State University,shooting guard,178,
Tess Madgen,Phoenix Mercury,University of South Australia,small forward,71,
Tanja Kostic,Cleveland Rockers,Oregon State University,power forward,188,
Kamesha Hairston,Connecticut Sun,,small forward,183,
Katelan Redmon,New York Liberty,,shooting guard,185,
Kasha Terry,Indiana Fever,,center,75,
Sydney Carter,Atlanta Dream,Texas A&M University,point guard,168,
Tamara Stocks,Washington Mystics,University of Florida,center,75,
Kelsey Bone,New York Liberty,,center,193,
Katasha Artis,Charlotte Sting,Northeastern University,,185,
Kasha Terry,Atlanta Dream,,center,75,
Shelley Patterson,Minnesota Lynx,Washington State University,,,
Navonda Moore,Minnesota Lynx,University of Alabama,,70,
Sydney Carter,Connecticut Sun,Texas A&M University,point guard,168,
Taylor Lilley,Phoenix Mercury,,,66,
Chiney Ogwumike,Connecticut Sun,Stanford University,power forward,191,
Sydney Carter,Chicago Sky,Texas A&M University,point guard,168,
Tasha Butts,Minnesota Lynx,University of Tennessee,,180,
Sydney Carter,Indiana Fever,Texas A&M University,point guard,168,
Tatum Brown,Washington Mystics,,center,193,
Whitney Boddie,Sacramento Monarchs,Auburn University,point guard,173,
Niesa Johnson,Charlotte Sting,University of Alabama,point guard,175,
Sequoia Holmes,Houston Comets,"University of Nevada, Las Vegas",shooting guard,73,
Nyree Roberts,Washington Mystics,Old Dominion University,center,190,
Farhiya Abdi,Los Angeles Sparks,,small forward,188,
Quianna Chaney,Chicago Sky,Louisiana State University,shooting guard,71,
Kelly Faris,Connecticut Sun,University of Connecticut,shooting guard,180,
Kia Nurse,Los Angeles Sparks,University of Connecticut,shooting guard,72,
Chelsea Gray,Connecticut Sun,,point guard,180,
Tombi Bell,Minnesota Lynx,University of Florida,,65,
Angela Aycock,Minnesota Lynx,,shooting guard,188,
Felicia Ragland,Phoenix Mercury,Oregon State University,shooting guard,170,
Kiah Stokes,New York Liberty,,center,191,
Natasha Howard,Indiana Fever,Florida State University,small forward,191,
Stephanie Raymond,Chicago Sky,Northern Illinois University,point guard,165,
Jennifer Hamson,Los Angeles Sparks,Brigham Young University,center,201,
Kia Nurse,Chicago Sky,University of Connecticut,shooting guard,72,
Felicia Ragland,Seattle Storm,Oregon State University,shooting guard,170,
Jordan Adams,Minnesota Lynx,University of New Mexico,center,191,
Angela Aycock,Phoenix Mercury,,shooting guard,188,
Stefanie Dolson,Washington Mystics,,center,196,
Angie Potthoff,Minnesota Lynx,,,185,
Jordan Hooper,Atlanta Dream,University of Cincinnati,small forward,188,
Jennifer Hamson,Indiana Fever,Brigham Young University,center,201,
Inga Orekhova,Atlanta Dream,,guard,74,
Asia Taylor,Minnesota Lynx,,shooting guard,73,
Kia Nurse,New York Liberty,University of Connecticut,shooting guard,72,
Cassandra Crumpton,New York Liberty,,shooting guard,180,
Jordan Hooper,Connecticut Sun,University of Cincinnati,small forward,188,
Shaunzinski Gortman,Minnesota Lynx,University of South Carolina,shooting guard,178,
Natasha Howard,Seattle Storm,Florida State University,small forward,191,
Trisha Stafford,Miami Sol,,,185,
Jordan Hooper,Chicago Sky,University of Cincinnati,small forward,188,
Felicia Ragland,Houston Comets,Oregon State University,shooting guard,170,
Kia Nurse,Phoenix Mercury,University of Connecticut,shooting guard,72,
Kia Nurse,Seattle Storm,University of Connecticut,shooting guard,72,
Inga Orekhova,Connecticut Sun,,guard,74,
Kia Nurse,Toronto Tempo,University of Connecticut,shooting guard,72,
Kamiko Williams,New York Liberty,University of Tennessee,,180,
Gennifer Brandon,Chicago Sky,"University of California, Berkeley",,74,
Chelsea Gray,Los Angeles Sparks,,point guard,180,
Markeisha Gatling,Chicago Sky,,center,196,
Yang Liwei,Los Angeles Sparks,Guangdong University of Technology,point guard,69,
Shao Ting,Minnesota Lynx,Beijing Normal University,small forward,72,
Shoni Schimmel,Atlanta Dream,University of Louisville,point guard,175,
Shaunzinski Gortman,Washington Mystics,University of South Carolina,shooting guard,178,
Alex Bentley,Atlanta Dream,Pennsylvania State University,shooting guard,170,
Sonja Tate,Minnesota Lynx,Arkansas State University,,168,
Rhonda Banchero,Sacramento Monarchs,,center,191,
Stacey Ford,New York Liberty,,,188,
Alex Bentley,Connecticut Sun,Pennsylvania State University,shooting guard,170,
Maggie Lucas,Indiana Fever,,shooting guard,178,
Tricia Liston,Minnesota Lynx,,shooting guard,183,
Stephanie Talbot,Phoenix Mercury,,power forward,185,
Jamierra Faulkner,Chicago Sky,University of Southern Mississippi,point guard,168,
Chelsea Gray,Las Vegas Aces,,point guard,180,
Courtney Clements,Atlanta Dream,San Diego State University,shooting guard,183,
Joslyn Tinkle,Seattle Storm,Stanford University,,75,
Judy Mosley,Sacramento Monarchs,University of Hawaiʻi System,,185,
Tianna Hawkins,Washington Mystics,,small forward,191,
Natasha Howard,Minnesota Lynx,Florida State University,small forward,191,
Tianna Hawkins,Seattle Storm,,small forward,191,
Toni Young,New York Liberty,Oklahoma State University,small forward,73,
Shaunzinski Gortman,Seattle Storm,University of South Carolina,shooting guard,178,
Alyssa Thomas,Connecticut Sun,,small forward,188,
A'dia Mathies,Los Angeles Sparks,,shooting guard,69,
Shoni Schimmel,New York Liberty,University of Louisville,point guard,175,
Nadirah McKenith,Washington Mystics,,point guard,67,
Markeisha Gatling,Seattle Storm,,center,196,
Jasmine Hassell,Indiana Fever,,small forward,74,
Teana Miller,Charlotte Sting,Tulane University of Louisiana,center,191,
Nadirah McKenith,Minnesota Lynx,,point guard,67,
Tiffany Bias,Phoenix Mercury,Oklahoma State University,point guard,68,
Tierra Ruffin-Pratt,Washington Mystics,,shooting guard,178,
Wanda Guyton,Houston Comets,University of South Florida,center,185,
Debra Williams,Charlotte Sting,Louisiana Tech University,shooting guard,173,
Jasmine Hassell,Seattle Storm,,small forward,74,
Teana Miller,Charlotte Sting,East Carolina University,center,191,
Angela Aycock,Seattle Storm,,shooting guard,188,
Christy Smith,Charlotte Sting,University of Arkansas at Little Rock,,170,
Adaora Elonu,Atlanta Dream,,power forward,185,
Kelsey Plum,Las Vegas Aces,University of Washington,point guard,68,
Denique Graves,Sacramento Monarchs,Howard University,center,77,
Jaynetta Saunders,Phoenix Mercury,,small forward,180,
Jonquel Jones,Connecticut Sun,,power forward,78,
Raegan Scott,Cleveland Rockers,,,76,
Tiffany Woosley,Houston Comets,University of Tennessee,,67,
Camille Cooper,New York Liberty,Purdue University,center,193,
Alex Harden,Phoenix Mercury,,shooting guard,183,
Tara Williams,Phoenix Mercury,Auburn University,,180,
Erica Wheeler,New York Liberty,Rutgers University,shooting guard,170,
Gabby Williams,Chicago Sky,,small forward,71,
Samantha Logic,Atlanta Dream,,point guard,69,
Betnijah Laney,Chicago Sky,Rutgers University,shooting guard,72,
Nikki Greene,Los Angeles Sparks,Pennsylvania State University,power forward,193,
Nikki Greene,Connecticut Sun,Pennsylvania State University,power forward,193,
Nicole Kubik,Phoenix Mercury,University of Nebraska–Lincoln,,,
Jocelyn Penn,Washington Mystics,University of South Carolina,small forward,183,
Aerial Powers,Dallas Wings,,small forward,183,
Brittany Boyd,New York Liberty,"University of California, Berkeley",shooting guard,175,
Desiree Francis,New York Liberty,Iowa State University,power forward,70,
Cheyenne Parker,Chicago Sky,,power forward,193,
Rhonda Mapp,Charlotte Sting,North Carolina State University,center,188,
Rehema Stephens,Sacramento Monarchs,,,178,
LaQuanda Barksdale,Portland Fire,University of North Carolina at Chapel Hill,shooting guard,178,
Charisse Sampson,Seattle Storm,,,178,
Rhonda Mapp,Los Angeles Sparks,North Carolina State University,center,188,
Courtney Coleman,Connecticut Sun,,,72,
Natasha Cloud,Washington Mystics,,point guard,183,
Cheyenne Parker,Las Vegas Aces,,power forward,193,
Jenny Mowe,Los Angeles Sparks,,center,196,
Jennifer O'Neill,Minnesota Lynx,,point guard,165,
Olga Firsova,New York Liberty,Kansas State University,center,78,
Bernadett Határ,Indiana Fever,,center,208,
Cierra Burdick,Atlanta Dream,,power forward,188,
Elizabeth Williams,Connecticut Sun,,center,191,
Nayo Raincock-Ekunwe,New York Liberty,Simon Fraser University,center,188,
Shae Kelley,Minnesota Lynx,,small forward,73,
Ally Malott,Washington Mystics,,power forward,76,
Jewell Loyd,Seattle Storm,University of Notre Dame,point guard,178,
Napheesa Collier,Minnesota Lynx,University of Connecticut,power forward,73,
Paige Sauer,Cleveland Rockers,,center,76,
Cheyenne Parker,Atlanta Dream,,power forward,193,
Jenny Mowe,Portland Fire,,center,196,
Tara Williams,Portland Fire,Auburn University,,180,
Adut Bulgak,Chicago Sky,,center,75,
Kim Mestdagh,Washington Mystics,Colorado State University,shooting guard,180,
Paige Sauer,Los Angeles Sparks,,center,76,
Angelina Williams,Phoenix Mercury,University of Illinois Urbana-Champaign,,72,
Kelsey Plum,Los Angeles Sparks,University of Washington,point guard,68,
Briana Gilbreath,Connecticut Sun,,shooting guard,183,
Crystal Bradford,Los Angeles Sparks,,shooting guard,183,
Victoria Macaulay,Chicago Sky,,center,76,
Monique Coker,Los Angeles Sparks,,,185,
Reshanda Gray,Minnesota Lynx,,center,188,
Keitha Dickerson,Minnesota Lynx,,,180,
Andrea Garner,Seattle Storm,Pennsylvania State University,center,190,
Jameka Jones,Miami Sol,,,178,
Ryneldi Becenti,Phoenix Mercury,Arizona State University,shooting guard,168,
Jillian Alleyne,Washington Mystics,,power forward,75,
Blake Dietrick,Seattle Storm,Princeton University,point guard,70,
Trena Trice-Hill,New York Liberty,,center,188,
Rachel Banham,Connecticut Sun,,point guard,69,
Nicole Levandusky,Los Angeles Sparks,Xavier University,,,
Jillian Alleyne,Minnesota Lynx,,power forward,75,
Brittney Sykes,Los Angeles Sparks,Syracuse University,shooting guard,69,
Kalani Brown,Los Angeles Sparks,Baylor University,center,201,
Marina Mabrey,Toronto Tempo,,shooting guard,180,
Maite Cazorla,Atlanta Dream,University of Oregon,point guard,178,
Anne Armstrong,Atlanta Dream,,power forward,191,
Marina Mabrey,Chicago Sky,,shooting guard,180,
Julie Rousseau,Los Angeles Sparks,,,,
Brittney Sykes,Washington Mystics,Syracuse University,shooting guard,69,
Feyonda Fitzgerald,Connecticut Sun,,point guard,170,
Shaquala Williams,Los Angeles Sparks,,,168,
Bria Holmes,Atlanta Dream,,shooting guard,185,
Lisa Boyer,Cleveland Rockers,,,,
Leonie Fiebich,Los Angeles Sparks,,center,189,
Chrissy Givens,Dallas Wings,,,180,
Aaryn Ellenberg,Chicago Sky,,,170,
Allisha Gray,Dallas Wings,University of South Carolina,power forward,6,
Victoria Vivians,Indiana Fever,Mississippi State University,shooting guard,185,
Breanna Lewis,Dallas Wings,,center,195,
Kayla Thornton,Washington Mystics,,small forward,185,
Diamond DeShields,Chicago Sky,,small forward,185,
Kennedy Burke,Indiana Fever,,shooting guard,185,
Natisha Hiedeman,Atlanta Dream,,point guard,170,
Jennie Simms,Indiana Fever,Old Dominion University,,6,
Erin Grant,Houston Comets,,,173,
Karlie Samuelson,Dallas Wings,Stanford University,shooting guard,183,
Myisha Hines-Allen,Washington Mystics,,power forward,188,
Whitney Knight,Los Angeles Sparks,,,190,
Karlie Samuelson,Minnesota Lynx,Stanford University,shooting guard,183,
Monique Billings,Phoenix Mercury,"University of California, Los Angeles",power forward,193,
Brionna Jones,Connecticut Sun,University of Maryland,center,75,
Wendi Willits,Los Angeles Sparks,University of Arkansas,,,
Stephanie Mavunga,Indiana Fever,University of North Carolina at Chapel Hill,power forward,191,
Jordin Canada,Seattle Storm,"University of California, Los Angeles",point guard,168,
Edniesha Curry,Phoenix Mercury,"California State University, Northridge",point guard,163,
Brittney Sykes,Seattle Storm,Syracuse University,shooting guard,69,
Shereka Wright,Phoenix Mercury,Purdue University,,178,
Karlie Samuelson,Los Angeles Sparks,Stanford University,shooting guard,183,
Stephanie Mavunga,Indiana Fever,Ohio State University,power forward,191,
Jessica Shepard,Minnesota Lynx,University of Notre Dame,power forward,193,
Kiara Leslie,Washington Mystics,,shooting guard,183,
Karlie Samuelson,Washington Mystics,Stanford University,shooting guard,183,
Tahnee Robinson,Connecticut Sun,,,,
Li Yueru,Chicago Sky,,center,79,
Marina Mabrey,Connecticut Sun,,shooting guard,180,
Jessica Shepard,Minnesota Lynx,University of Nebraska–Lincoln,power forward,193,
Nicole Levesque,Charlotte Sting,,point guard,63,
Mercedes Russell,New York Liberty,,center,198,
Krystal Vaughn,Washington Mystics,,small forward,185,
Marina Mabrey,Dallas Wings,,shooting guard,180,
Lexie Brown,Connecticut Sun,,center,69,
Paris Kea,Indiana Fever,,point guard,175,
Ameryst Alston,New York Liberty,Ohio State University,,175,
Karen Booker,Houston Comets,Vanderbilt University,center,185,
Alexis Prince,Atlanta Dream,,power forward,188,
Karlie Samuelson,Phoenix Mercury,Stanford University,shooting guard,183,
Alexis Jones,Minnesota Lynx,,point guard,68,
Alaina Coates,Chicago Sky,,center,193,
Monique Billings,Dallas Wings,"University of California, Los Angeles",power forward,193,
Karlie Samuelson,Seattle Storm,Stanford University,shooting guard,183,
Teaira McCowan,Indiana Fever,Mississippi State University,center,79,
Erin Alexander,Los Angeles Sparks,"University of California, Santa Barbara",point guard,170,
Azurá Stevens,Dallas Wings,,power forward,198,
Lindsay Allen,New York Liberty,University of Notre Dame,point guard,68,
Reshea Bristol,Charlotte Sting,,,178,
Brianna Turner,Phoenix Mercury,,power forward,191,
Wes Unseld Jr.,Washington Mystics,Johns Hopkins University,,1.88,
Monique Billings,Atlanta Dream,"University of California, Los Angeles",power forward,193,
Andrea Hoover,Los Angeles Sparks,,,,
Allisha Gray,Dallas Wings,University of North Carolina at Chapel Hill,power forward,6,
Brittney Sykes,Atlanta Dream,Syracuse University,shooting guard,69,
Monique Billings,Golden State Valkyries,"University of California, Los Angeles",power forward,193,
Marina Mabrey,Los Angeles Sparks,,shooting guard,180,
Alexis Peterson,Seattle Storm,Syracuse University,point guard,165,
Kariata Diaby,Connecticut Sun,,,192,
Arica Carter,Phoenix Mercury,,,170,
Erica Ogwumike,Minnesota Lynx,Rice University,point guard,175,
Azzi Fudd,Dallas Wings,University of Connecticut,,,
Naz Hillmon,Atlanta Dream,University of Michigan,,188,
Angel Reese,Atlanta Dream,University of Maryland,,1.91,
Aaliyah Edwards,Washington Mystics,,small forward,191,
Victaria Saxton,Indiana Fever,University of South Carolina,,188,
Alissa Pili,Minnesota Lynx,University of Southern California,,,
Veronica Burton,Golden State Valkyries,Northwestern University,,175,
Stephanie Watts,Chicago Sky,University of North Carolina at Chapel Hill,,180,
Mikiah Herbert Harrigan,Minnesota Lynx,University of South Carolina,,188,
Queen Egbo,Indiana Fever,,,193,
Te'a Cooper,Phoenix Mercury,Baylor University,point guard,173,
Rae Burrell,Los Angeles Sparks,,,188,
Stephanie Watts,Chicago Sky,University of Southern California,,180,
Rebekah Gardner,Chicago Sky,"University of California, Los Angeles",small forward,185,
Te'a Cooper,Phoenix Mercury,University of Tennessee,point guard,173,
Michaela Onyenwere,New York Liberty,"University of California, Los Angeles",,183,
Rhonda Windham,Los Angeles Sparks,University of Southern California,,,
Georgia Amoore,Washington Mystics,University of Kentucky,point guard,168,
Morgan Green,New York Liberty,"University of California, Irvine",,,
Hailey Van Lith,Chicago Sky,University of Louisville,,170,
Sophie Cunningham,Indiana Fever,University of Missouri,small forward,185,
Kamilla Cardoso,Chicago Sky,University of South Carolina,,201,
Morgan Green,New York Liberty,Michigan State University,,,
Jacy Sheldon,Dallas Wings,Ohio State University,,,
Jordan Lewis,Connecticut Sun,,,,
Kayla Jones,Minnesota Lynx,,,,
Veronica Burton,Connecticut Sun,Northwestern University,,175,
Alissa Pili,Los Angeles Sparks,University of Utah,,,
Sophie Cunningham,Phoenix Mercury,University of Missouri,small forward,185,
Erica Ogwumike,Minnesota Lynx,Pepperdine University,point guard,175,
Laeticia Amihere,Golden State Valkyries,University of South Carolina,,186,
Jasmine Walker,Los Angeles Sparks,University of Alabama,,190,
Leaonna Odom,New York Liberty,Duke University,,188,
Mya Hollingshed,Las Vegas Aces,University of Colorado Boulder,,1.93,
Veronica Burton,Dallas Wings,Northwestern University,,175,
Aisha Sheppard,Las Vegas Aces,,,175,
Teonni Key,Toronto Tempo,University of Kentucky,,,
Hailey Van Lith,Chicago Sky,Texas Christian University,,170,
Sonia Citron,Washington Mystics,University of Notre Dame,,185,
Sparkle Taylor,Chicago Sky,University of Texas at El Paso,,,
Alissa Pili,Los Angeles Sparks,University of Southern California,,,
Teonni Key,Toronto Tempo,University of North Carolina at Chapel Hill,,,
Jazmine Jones,New York Liberty,University of Louisville,,183,
Laeticia Amihere,Atlanta Dream,University of South Carolina,,186,
Nia Clouden,Connecticut Sun,,,173,
Joyner Holmes,Seattle Storm,University of Texas at Austin,power forward,190,
Angel Reese,Chicago Sky,University of Maryland,,1.91,
Jaylyn Agnew,Washington Mystics,Creighton University,power forward,180,
Jasmine Walker,Los Angeles Sparks,Florida State University,,190,
Te'a Cooper,Phoenix Mercury,University of South Carolina,point guard,173,
Okako Adika,New York Liberty,University of Southern California,,,
Kylee Shook,New York Liberty,University of Louisville,,193,
Jacy Sheldon,Washington Mystics,Ohio State University,,,
Georgia Amoore,Washington Mystics,Virginia Tech,point guard,168,
Alissa Pili,Minnesota Lynx,University of Utah,,,
Hailey Van Lith,Chicago Sky,Louisiana State University,,170,
Kamilla Cardoso,Chicago Sky,Syracuse University,,201,
Crystal Dangerfield,Dallas Wings,University of Connecticut,,165,
Jacy Sheldon,Connecticut Sun,Ohio State University,,,
Satou Sabally,Dallas Wings,University of Oregon,,187,2020
Lindsey Harding,Atlanta Dream,,point guard,173,2007
Sammie Puisis,Chicago Sky,Florida State University,,,
Lindsey Harding,Los Angeles Sparks,,point guard,173,2007
Sammie Puisis,Chicago Sky,University of South Florida,,,
Lindsey Harding,Washington Mystics,,point guard,173,2007
Marlies Askamp,Los Angeles Sparks,,center,196,
Courtney Vandersloot,Chicago Sky,Gonzaga University,point guard,173,2011
Lindsey Harding,New York Liberty,,point guard,173,2007
Kiki Iriafen,Washington Mystics,Stanford University,,191,
Kiki Iriafen,Washington Mystics,University of Southern California,,191,
Lindsey Harding,Phoenix Mercury,,point guard,173,2007
Satou Sabally,New York Liberty,University of Oregon,,187,2020
Satou Sabally,Phoenix Mercury,University of Oregon,,187,2020
Helena Pueyo,Connecticut Sun,University of Arizona,,,
Breanna Stewart,Seattle Storm,University of Connecticut,shooting guard,193,2016
Pascal Angillis,Connecticut Sun,,,,
Lindsey Harding,Minnesota Lynx,,point guard,173,2007
Marlies Askamp,Miami Sol,,center,196,
Marlies Askamp,Phoenix Mercury,,center,196,
